{"stats":{"minecraft:dropped":{"ars_nouveau:worn_notebook":1,"weaponmaster:tutorialbook":1},"minecraft:mined":{"regions_unexplored:medium_grass":1,"regions_unexplored:willow_log":36},"minecraft:picked_up":{"minecraft:stick":5,"regions_unexplored:willow_log":36,"regions_unexplored:willow_sapling":19},"minecraft:custom":{"minecraft:jump":12,"minecraft:time_since_rest":4006,"minecraft:sprint_one_cm":4646,"minecraft:play_time":4006,"minecraft:damage_taken":10,"minecraft:time_since_death":4006,"minecraft:walk_one_cm":4555,"minecraft:total_world_time":4006,"minecraft:fall_one_cm":209,"minecraft:drop":2,"minecraft:fly_one_cm":3259}},"DataVersion":3465}