{"stats":{"minecraft:used":{"minecraft:wooden_axe":5,"minecraft:apple":1,"minecraft:stone_pickaxe":33,"minecraft:wooden_pickaxe":14,"minecraft:stone_axe":5,"minecraft:dirt":10,"minecraft:cobblestone":3,"minecraft:crafting_table":1},"minecraft:killed_by":{"minecraft:skeleton":1},"minecraft:mined":{"regions_unexplored:willow_shrub":1,"regions_unexplored:willow_log":36,"regions_unexplored:willow_leaves":7,"minecraft:kelp_plant":9,"minecraft:coal_ore":2,"minecraft:grass_block":1,"minecraft:dirt":9,"regions_unexplored:medium_grass":2,"regions_unexplored:small_oak_log":13,"minecraft:stone":39,"minecraft:kelp":3,"minecraft:fern":2},"minecraft:dropped":{"regions_unexplored:small_oak_log":9,"minecraft:stone_axe":1,"ars_nouveau:worn_notebook":2,"born_in_chaos_v1:fire_dust":1,"weaponmaster:tutorialbook":1},"minecraft:killed":{"born_in_chaos_v1:firelight_not_despawn":1,"minecraft:cow":1},"minecraft:picked_up":{"regions_unexplored:small_oak_log":9,"minecraft:stick":9,"regions_unexplored:willow_sapling":21,"minecraft:dirt":10,"regions_unexplored:small_oak_sapling":1,"born_in_chaos_v1:fire_dust":1,"minecraft:apple":1,"minecraft:kelp":65,"regions_unexplored:willow_shrub":1,"minecraft:stone_axe":1,"minecraft:wheat_seeds":1,"ars_nouveau:worn_notebook":1,"minecraft:beef":1,"regions_unexplored:willow_log":36,"minecraft:coal":2,"minecraft:cobblestone":38,"minecraft:wooden_axe":1},"minecraft:crafted":{"minecraft:crafting_table":1,"minecraft:stick":4,"regions_unexplored:willow_sapling":2,"minecraft:wooden_pickaxe":1,"minecraft:stone_pickaxe":1,"regions_unexplored:willow_planks":144,"minecraft:stone_axe":1},"minecraft:custom":{"minecraft:time_since_rest":0,"minecraft:sprint_one_cm":31218,"minecraft:damage_taken":220,"minecraft:walk_one_cm":25885,"minecraft:mob_kills":2,"minecraft:drop":6,"minecraft:damage_dealt":200,"minecraft:swim_one_cm":14935,"minecraft:interact_with_crafting_table":4,"minecraft:fly_one_cm":24824,"minecraft:open_barrel":3,"minecraft:open_chest":2,"minecraft:crouch_one_cm":1516,"minecraft:play_time":14231,"minecraft:deaths":1,"minecraft:walk_under_water_one_cm":1146,"minecraft:sneak_time":861,"minecraft:jump":132,"minecraft:leave_game":1,"minecraft:walk_on_water_one_cm":1974,"minecraft:time_since_death":0,"minecraft:total_world_time":14231,"minecraft:fall_one_cm":4145}},"DataVersion":3465}