{"stats":{"minecraft:mined":{"minecraft:grass":4,"minecraft:grass_block":2,"minecraft:oak_log":4,"minecraft:sunflower":3,"minecraft:tall_grass":4,"minecraft:oak_leaves":2},"minecraft:custom":{"minecraft:time_since_rest":3802,"minecraft:play_time":3802,"minecraft:sprint_one_cm":8388,"minecraft:walk_one_cm":5596,"minecraft:sneak_time":1,"minecraft:mob_kills":4,"minecraft:drop":4,"minecraft:jump":62,"minecraft:damage_dealt":380,"minecraft:time_since_death":3802,"minecraft:total_world_time":3802,"minecraft:interact_with_crafting_table":3,"minecraft:fall_one_cm":2508,"minecraft:fly_one_cm":17429},"minecraft:killed":{"minecraft:sheep":1,"minecraft:pig":2,"minecraft:cow":1},"minecraft:used":{"minecraft:wooden_axe":8,"minecraft:dirt":2,"minecraft:crafting_table":1,"minecraft:oak_sapling":1},"minecraft:crafted":{"minecraft:oak_planks":12,"minecraft:crafting_table":1,"minecraft:stick":4,"minecraft:wooden_axe":1},"minecraft:picked_up":{"minecraft:stick":2,"minecraft:wheat_seeds":1,"minecraft:porkchop":3,"minecraft:beef":1,"minecraft:oak_log":4,"minecraft:oak_sapling":1,"minecraft:black_wool":1,"minecraft:mutton":2,"minecraft:dirt":2,"minecraft:sunflower":4},"minecraft:dropped":{"minecraft:sunflower":4}},"DataVersion":3465}