{"stats":{"minecraft:mined":{"gravestone:gravestone":1,"minecraft:grass":23,"minecraft:grass_block":18,"minecraft:oak_log":4,"minecraft:sunflower":3,"minecraft:dirt":4,"minecraft:tall_grass":4,"minecraft:oak_leaves":2},"minecraft:custom":{"minecraft:time_since_rest":14400,"minecraft:sprint_one_cm":29388,"minecraft:damage_taken":4454,"minecraft:walk_one_cm":33348,"minecraft:mob_kills":12,"minecraft:drop":16,"minecraft:damage_dealt":5694,"minecraft:interact_with_crafting_table":3,"minecraft:fly_one_cm":111462,"minecraft:crouch_one_cm":1704,"minecraft:play_time":40529,"minecraft:deaths":15,"minecraft:sneak_time":2184,"minecraft:jump":373,"minecraft:leave_game":2,"minecraft:time_since_death":14372,"minecraft:total_world_time":40529,"minecraft:fall_one_cm":14780},"minecraft:killed":{"darkestsouls:hollow_axe":1,"minecraft:sheep":1,"minecraft:trader_llama":1,"minecraft:pig":3,"minecraft:chicken":1,"minecraft:spider":1,"minecraft:wandering_trader":1,"enemyexpansion:direwolf":1,"undead_revamp2:thespitter":1,"minecraft:cow":1},"minecraft:used":{"simplyswords:watching_warglaive":39,"minecraft:wooden_axe":10,"simplyswords:stormbringer":3,"simplyswords:runic_greataxe":3,"cataclysm:coral_bardiche":27,"mowziesmobs:sol_visage":1,"minecraft:dirt":11,"minecraft:crafting_table":1,"minecraft:oak_sapling":1,"simplyswords:tempest":17,"simplyswords:ribboncleaver":4,"simplyswords:toxic_longsword":11,"alexsmobs:spawn_egg_lobster":1},"minecraft:crafted":{"minecraft:oak_planks":12,"minecraft:crafting_table":1,"minecraft:stick":4,"minecraft:wooden_axe":1},"minecraft:picked_up":{"minecraft:stick":2,"minecraft:feather":2,"minecraft:chicken":1,"minecraft:leather":2,"minecraft:lead":1,"minecraft:porkchop":5,"minecraft:oak_log":4,"gravestone:obituary":1,"darkestsouls:beast_blood_clump":2,"minecraft:string":1,"minecraft:dirt":20,"minecraft:wheat_seeds":4,"minecraft:beef":1,"minecraft:emerald":1,"minecraft:oak_sapling":1,"minecraft:black_wool":1,"minecraft:mutton":2,"minecraft:sunflower":4},"minecraft:dropped":{"simplyswords:runic_greataxe":1,"simplyswords:stormbringer":1,"simplyswords:ribboncleaver":1,"mowziesmobs:grant_suns_blessing":1,"simplyswords:tempest":1,"gravestone:obituary":3,"minecraft:sunflower":4,"simplyswords:watching_warglaive":1,"darkestsouls:beast_blood_clump":1,"minecraft:grass_block":1,"simplyswords:toxic_longsword":1}},"DataVersion":3465}