{"stats":{"minecraft:mined":{"gravestone:gravestone":1,"minecraft:grass":22,"minecraft:grass_block":14,"minecraft:oak_log":4,"minecraft:sunflower":3,"minecraft:dirt":4,"minecraft:tall_grass":4,"minecraft:oak_leaves":2},"minecraft:custom":{"minecraft:time_since_rest":9420,"minecraft:sprint_one_cm":15495,"minecraft:damage_taken":1475,"minecraft:walk_one_cm":14940,"minecraft:mob_kills":6,"minecraft:drop":5,"minecraft:damage_dealt":804,"minecraft:interact_with_crafting_table":3,"minecraft:fly_one_cm":32584,"minecraft:crouch_one_cm":281,"minecraft:play_time":19822,"minecraft:deaths":5,"minecraft:sneak_time":155,"minecraft:jump":144,"minecraft:leave_game":1,"minecraft:time_since_death":9395,"minecraft:total_world_time":19822,"minecraft:fall_one_cm":8952},"minecraft:killed":{"minecraft:sheep":1,"minecraft:pig":3,"minecraft:spider":1,"minecraft:cow":1},"minecraft:used":{"minecraft:wooden_axe":10,"minecraft:dirt":11,"minecraft:crafting_table":1,"minecraft:oak_sapling":1},"minecraft:crafted":{"minecraft:oak_planks":12,"minecraft:crafting_table":1,"minecraft:stick":4,"minecraft:wooden_axe":1},"minecraft:picked_up":{"minecraft:stick":2,"minecraft:porkchop":5,"minecraft:oak_log":4,"gravestone:obituary":1,"minecraft:string":1,"minecraft:dirt":18,"minecraft:wheat_seeds":4,"minecraft:beef":1,"minecraft:oak_sapling":1,"minecraft:black_wool":1,"minecraft:mutton":2,"minecraft:sunflower":4},"minecraft:dropped":{"gravestone:obituary":1,"minecraft:sunflower":4}},"DataVersion":3465}