{"stats":{"minecraft:used":{"ars_nouveau:purple_archwood_sapling":1,"minecraft:bread":3,"minecraft:stone_pickaxe":9,"minecraft:wooden_pickaxe":5,"regions_unexplored:willow_sapling":5,"minecraft:stone_axe":12,"minecraft:crafting_table":1,"alexsmobs:animal_dictionary":1,"regions_unexplored:willow_planks":7},"minecraft:mined":{"regions_unexplored:willow_log":33,"regions_unexplored:willow_leaves":2,"minecraft:crafting_table":1,"regions_unexplored:medium_grass":1,"minecraft:cobblestone":8,"minecraft:stone":5,"ars_nouveau:purple_archwood_log":55},"minecraft:dropped":{"ars_nouveau:worn_notebook":1,"born_in_chaos_v1:fire_dust":1,"minecraft:wooden_axe":1,"regions_unexplored:willow_sapling":15},"minecraft:killed":{"undead_revamp2:the_moonflower":1,"minecraft:spider":1,"minecraft:cod":2,"alexsmobs:flying_fish":1},"minecraft:picked_up":{"minecraft:stick":15,"minecraft:crafting_table":1,"ars_nouveau:purple_archwood_log":54,"regions_unexplored:willow_sapling":20,"ars_nouveau:stripped_purple_archwood_log":1,"ars_nouveau:purple_archwood_sapling":7,"minecraft:rotten_flesh":3,"born_in_chaos_v1:fire_dust":2,"ars_nouveau:worn_notebook":1,"regions_unexplored:willow_log":33,"minecraft:cod":2,"alexsmobs:flying_fish":2,"minecraft:cobblestone":11},"minecraft:crafted":{"ars_nouveau:archwood_planks":220,"minecraft:crafting_table":1,"minecraft:stick":4,"minecraft:wooden_pickaxe":1,"minecraft:stone_pickaxe":1,"minecraft:wooden_axe":1,"regions_unexplored:willow_planks":132,"minecraft:stone_axe":1},"minecraft:custom":{"minecraft:time_since_rest":163,"minecraft:sprint_one_cm":30066,"minecraft:damage_taken":390,"minecraft:walk_one_cm":36767,"minecraft:mob_kills":5,"minecraft:drop":18,"minecraft:damage_dealt":617,"minecraft:swim_one_cm":21435,"minecraft:interact_with_crafting_table":9,"minecraft:fly_one_cm":44683,"minecraft:open_barrel":10,"minecraft:open_chest":6,"minecraft:crouch_one_cm":39,"minecraft:play_time":16298,"minecraft:deaths":1,"minecraft:sneak_time":30,"minecraft:walk_under_water_one_cm":2188,"minecraft:jump":224,"minecraft:walk_on_water_one_cm":6034,"minecraft:time_since_death":138,"minecraft:total_world_time":16298,"minecraft:fall_one_cm":9308}},"DataVersion":3465}