{"stats":{"minecraft:used":{"alexsmobs:animal_dictionary":1},"minecraft:dropped":{"ars_nouveau:worn_notebook":1},"minecraft:custom":{"minecraft:jump":36,"minecraft:open_chest":2,"minecraft:time_since_rest":4298,"minecraft:damage_dealt":20,"minecraft:sprint_one_cm":6599,"minecraft:play_time":4298,"minecraft:damage_taken":30,"minecraft:time_since_death":4298,"minecraft:walk_one_cm":11306,"minecraft:sneak_time":16,"minecraft:total_world_time":4298,"minecraft:drop":1,"minecraft:fall_one_cm":3261,"minecraft:fly_one_cm":10399,"minecraft:open_barrel":6}},"DataVersion":3465}